﻿Designator,Quantity,Value,Footprint,Package,MPN,DNP,Mount_Type,Description
"AEXT1, AEXT2, BEXT1, BEXT2",4,WS2812B,JST_XH_B3B-XH-A_1x03_P2.50mm_Vertical,,,,tht,RGB LED with integrated controller
"AEXT3, AEXT4, BEXT3, BEXT4, BEXT5",5,Conn_01x04,JST_XH_B4B-XH-A_1x04_P2.50mm_Vertical,,,,tht,"Generic connector, single row, 01x04, script generated (kicad-library-utils/schlib/autogen/connector/)"
"C1, C16, C4",3,0.1uF,C_0805_2012Metric_Pad1.18x1.45mm_HandSolder,,,,smt,Unpolarized capacitor
"C10, C13, C6, C9",4,0.47uF,C_0805_2012Metric_Pad1.18x1.45mm_HandSolder,,,,smt,"Unpolarized capacitor, small symbol"
"C14, C15, C5",3,1uF,C_0805_2012Metric_Pad1.18x1.45mm_HandSolder,,,,smt,Unpolarized capacitor
"C17, C2, C37, C38, C8",5,22uF,C_0805_2012Metric_Pad1.18x1.45mm_HandSolder,,,,smt,"[C17,C2,C37,C38]Unpolarized capacitor; [C8]Polarized capacitor"
C3,1,4.7uF,C_0805_2012Metric_Pad1.18x1.45mm_HandSolder,,,,smt,Unpolarized capacitor
"C41, C42, C43, C44",4,0.68uF,C_0805_2012Metric_Pad1.18x1.45mm_HandSolder,,,,smt,"Unpolarized capacitor, small symbol"
C7,1,10uF,C_0805_2012Metric_Pad1.18x1.45mm_HandSolder,,,,smt,Polarized capacitor
D2,1,SK6812MINI,LED_SK6812MINI_PLCC4_3.5x3.5mm_P1.75mm,,,,smt,RGB LED with integrated controller
ENS160,1,~,PinHeader_1x08_P2.54mm_Vertical,,,,tht,
ESP32-S3_Dev1,1,~,ESP32-S3-Dev,,,,tht,
INMP1,1,~,INMP441,,,,tht,
J1,1,Channel R,JWT_A3963_1x02_P3.96mm_Vertical,,,,tht,"Generic screw terminal, single row, 01x02, script generated (kicad-library-utils/schlib/autogen/connector/)"
J3,1,5V,JWT_A3963_1x02_P3.96mm_Vertical,,,,tht,"Generic screw terminal, single row, 01x02, script generated (kicad-library-utils/schlib/autogen/connector/)"
J4,1,VIN,JWT_A3963_1x02_P3.96mm_Vertical,,,,tht,"Generic screw terminal, single row, 01x02, script generated (kicad-library-utils/schlib/autogen/connector/)"
J5,1,Channel L,JWT_A3963_1x02_P3.96mm_Vertical,,,,tht,"Generic screw terminal, single row, 01x02, script generated (kicad-library-utils/schlib/autogen/connector/)"
"L1, L2, L3, L4",4,10uH,L_10.4x10.4_H4.8,,,,smt,Inductor with ferrite core
PMS5003,1,~,JST_XH_B5B-XH-A_1x05_P2.50mm_Vertical,,,,tht,
"PW1, PW2, PW3, PW4, PW5, PW6",6,Conn_01x02,JST_PH_B2B-PH-K_1x02_P2.00mm_Vertical,,,,tht,"Generic connector, single row, 01x02, script generated (kicad-library-utils/schlib/autogen/connector/)"
R1,1,0,R_0805_2012Metric_Pad1.20x1.40mm_HandSolder,,,,smt,Resistor
"R20, R21, R22, R23",4,10k,R_0805_2012Metric_Pad1.20x1.40mm_HandSolder,,,,smt,Resistor
SenseairS8,1,004-0-0010,Senseair_S8_Down,,,,tht,"S8 Commercial, CO2 sensor, 400-2000 PPM, 1kHz PWM output, Modbus, THT"
U1,1,TAS5825MRHB,VQFN-32-1EP_5x5mm_P0.5mm_EP3.1x3.1mm,,,,smt,"38-W Stereo, Inductor-Less, Digital Input, Closed-Loop Class-D Audio Amplifier with 192-kHz Extended Audio Processing, VQFN-32"
U2,1,AMS1117-5.0,SOT-223-3_TabPin2,,,,smt,"1A Low Dropout regulator, positive, 5.0V fixed output, SOT-223"
WeActESP32C3,1,~,WeAct ESP32-C3Fx4 Core mini,,,,tht,
