﻿pos_x,pos_y,rotation,side,designator,mpn,pack,footprint,value,mount_type
57.5,-65.0,-90.0,top,AEXT1,,,JST_XH_B3B-XH-A_1x03_P2.50mm_Vertical,WS2812B,tht
57.5,-77.5,-90.0,top,AEXT2,,,JST_XH_B3B-XH-A_1x03_P2.50mm_Vertical,WS2812B,tht
57.5,-93.5,-90.0,top,AEXT3,,,JST_XH_B4B-XH-A_1x04_P2.50mm_Vertical,Conn_01x04,tht
57.5,-108.5,-90.0,top,AEXT4,,,JST_XH_B4B-XH-A_1x04_P2.50mm_Vertical,Conn_01x04,tht
125.0,-55.5,180.0,top,BEXT1,,,JST_XH_B3B-XH-A_1x03_P2.50mm_Vertical,WS2812B,tht
101.0,-55.5,180.0,top,BEXT2,,,JST_XH_B3B-XH-A_1x03_P2.50mm_Vertical,WS2812B,tht
144.5,-137.5,90.0,top,BEXT3,,,JST_XH_B4B-XH-A_1x04_P2.50mm_Vertical,Conn_01x04,tht
144.5,-122.5,90.0,top,BEXT4,,,JST_XH_B4B-XH-A_1x04_P2.50mm_Vertical,Conn_01x04,tht
144.5,-108.0,90.0,top,BEXT5,,,JST_XH_B4B-XH-A_1x04_P2.50mm_Vertical,Conn_01x04,tht
123.9012,-81.3093,90.0,top,C1,,,C_0805_2012Metric_Pad1.18x1.45mm_HandSolder,0.1uF,smt
112.3403,-77.5716,0.0,top,C10,,,C_0805_2012Metric_Pad1.18x1.45mm_HandSolder,0.47uF,smt
116.9416,-78.5153,90.0,top,C13,,,C_0805_2012Metric_Pad1.18x1.45mm_HandSolder,0.47uF,smt
127.0547,-84.9884,0.0,top,C14,,,C_0805_2012Metric_Pad1.18x1.45mm_HandSolder,1uF,smt
100.8595,-89.6112,180.0,top,C15,,,C_0805_2012Metric_Pad1.18x1.45mm_HandSolder,1uF,smt
102.5652,-84.7559,90.0,top,C16,,,C_0805_2012Metric_Pad1.18x1.45mm_HandSolder,0.1uF,smt
99.8728,-84.7559,90.0,top,C17,,,C_0805_2012Metric_Pad1.18x1.45mm_HandSolder,22uF,smt
126.238,-81.3093,90.0,top,C2,,,C_0805_2012Metric_Pad1.18x1.45mm_HandSolder,22uF,smt
96.5493,-92.3544,180.0,top,C3,,,C_0805_2012Metric_Pad1.18x1.45mm_HandSolder,4.7uF,smt
121.6152,-81.3093,90.0,top,C37,,,C_0805_2012Metric_Pad1.18x1.45mm_HandSolder,22uF,smt
97.1296,-84.7559,90.0,top,C38,,,C_0805_2012Metric_Pad1.18x1.45mm_HandSolder,22uF,smt
96.5415,-89.6112,180.0,top,C4,,,C_0805_2012Metric_Pad1.18x1.45mm_HandSolder,0.1uF,smt
136.1225,-63.119,180.0,top,C41,,,C_0805_2012Metric_Pad1.18x1.45mm_HandSolder,0.68uF,smt
127.0,-62.3785,90.0,top,C42,,,C_0805_2012Metric_Pad1.18x1.45mm_HandSolder,0.68uF,smt
122.936,-62.3785,90.0,top,C43,,,C_0805_2012Metric_Pad1.18x1.45mm_HandSolder,0.68uF,smt
111.4845,-63.119,0.0,top,C44,,,C_0805_2012Metric_Pad1.18x1.45mm_HandSolder,0.68uF,smt
127.0547,-87.2744,0.0,top,C5,,,C_0805_2012Metric_Pad1.18x1.45mm_HandSolder,1uF,smt
105.7949,-80.518,180.0,top,C6,,,C_0805_2012Metric_Pad1.18x1.45mm_HandSolder,0.47uF,smt
127.0215,-89.6112,180.0,top,C7,,,C_0805_2012Metric_Pad1.18x1.45mm_HandSolder,10uF,smt
127.0215,-91.8972,180.0,top,C8,,,C_0805_2012Metric_Pad1.18x1.45mm_HandSolder,22uF,smt
108.2333,-77.5716,180.0,top,C9,,,C_0805_2012Metric_Pad1.18x1.45mm_HandSolder,0.47uF,smt
63.0,-144.625,180.0,bottom,D2,,,LED_SK6812MINI_PLCC4_3.5x3.5mm_P1.75mm,SK6812MINI,smt
89.0,-87.0,-90.0,top,ENS160,,,PinHeader_1x08_P2.54mm_Vertical,~,tht
113.0,-122.0,90.0,top,ESP32-S3_Dev1,,,ESP32-S3-Dev,~,tht
78.24,-138.54,90.0,top,INMP1,,,INMP441,~,tht
112.0,-57.0,180.0,top,J1,,,JWT_A3963_1x02_P3.96mm_Vertical,Channel R,tht
143.5,-94.0,90.0,top,J3,,,JWT_A3963_1x02_P3.96mm_Vertical,5V,tht
143.5,-84.0,90.0,top,J4,,,JWT_A3963_1x02_P3.96mm_Vertical,VIN,tht
136.4075,-56.75,180.0,top,J5,,,JWT_A3963_1x02_P3.96mm_Vertical,Channel L,tht
143.0,-70.5,90.0,top,L1,,,L_10.4x10.4_H4.8,10uH,smt
131.0,-70.5,90.0,top,L2,,,L_10.4x10.4_H4.8,10uH,smt
119.0,-70.5,90.0,top,L3,,,L_10.4x10.4_H4.8,10uH,smt
107.5,-70.5,90.0,top,L4,,,L_10.4x10.4_H4.8,10uH,smt
57.5,-127.5,-90.0,top,PMS5003,,,JST_XH_B5B-XH-A_1x05_P2.50mm_Vertical,~,tht
82.5,-55.0,180.0,top,PW1,,,JST_PH_B2B-PH-K_1x02_P2.00mm_Vertical,Conn_01x02,tht
75.0,-55.0,180.0,top,PW2,,,JST_PH_B2B-PH-K_1x02_P2.00mm_Vertical,Conn_01x02,tht
67.5,-55.0,180.0,top,PW3,,,JST_PH_B2B-PH-K_1x02_P2.00mm_Vertical,Conn_01x02,tht
94.0,-146.0,180.0,top,PW4,,,JST_PH_B2B-PH-K_1x02_P2.00mm_Vertical,Conn_01x02,tht
94.0,-131.0,180.0,top,PW5,,,JST_PH_B2B-PH-K_1x02_P2.00mm_Vertical,Conn_01x02,tht
94.0,-138.5,180.0,top,PW6,,,JST_PH_B2B-PH-K_1x02_P2.00mm_Vertical,Conn_01x02,tht
100.854,-92.329,0.0,top,R1,,,R_0805_2012Metric_Pad1.20x1.40mm_HandSolder,0,smt
114.808,-90.678,90.0,top,R20,,,R_0805_2012Metric_Pad1.20x1.40mm_HandSolder,10k,smt
107.0,-93.5,0.0,top,R21,,,R_0805_2012Metric_Pad1.20x1.40mm_HandSolder,10k,smt
107.0,-91.0,0.0,top,R22,,,R_0805_2012Metric_Pad1.20x1.40mm_HandSolder,10k,smt
107.0,-88.5,0.0,top,R23,,,R_0805_2012Metric_Pad1.20x1.40mm_HandSolder,10k,smt
95.8025,-66.38,180.0,top,SenseairS8,,,Senseair_S8_Down,004-0-0010,tht
111.775,-84.225,0.0,top,U1,,,VQFN-32-1EP_5x5mm_P0.5mm_EP3.1x3.1mm,TAS5825MRHB,smt
134.5,-88.5,180.0,top,U2,,,SOT-223-3_TabPin2,AMS1117-5.0,smt
77.38,-130.16,0.0,top,WeActESP32C3,,,WeAct ESP32-C3Fx4 Core mini,~,tht
